Ano;0 a 14 anos;15 a 64 anos;65 anos ou mais;População total;Razão de dependência;Índice de envelhecimento
2013;23369;39320;3284;65973;67.8;14.1
2014;23144;40205;3405;66754;66.0;14.7
2015;22933;41049;3533;67515;64.5;15.4
2016;22685;41847;3667;68199;63.0;16.2
2017;22405;42603;3809;68817;61.5;17.0
2018;22158;43311;3959;69428;60.3;17.9
2019;21930;44023;4114;70067;59.2;18.8
2020;21678;44739;4252;70669;58.0;19.6
2021;21420;45421;4378;71219;56.8;20.4
2022;21136;46038;4518;71692;55.7;21.4
2023;20815;46605;4677;72097;54.7;22.5
2024;20471;47132;4857;72460;53.7;23.7
2025;20231;47632;5026;72889;53.0;24.8
