CD_SETOR;SITUACAO;Habitantes;0 a 14 anos;15 a 59 anos;60 anos ou mais
150530405000001;Urbana;705;141;437;127
150530405000002;Urbana;993;196;614;183
150530405000003;Urbana;507;91;316;100
150530405000004;Urbana;549;112;336;101
150530405000005;Urbana;824;178;514;132
150530405000006;Urbana;1088;236;683;169
150530405000007;Urbana;847;199;526;122
150530405000008;Urbana;1125;276;757;92
150530405000009;Urbana;731;162;469;100
150530405000010;Urbana;726;137;464;125
150530405000011;Urbana;759;117;479;163
150530405000012;Urbana;624;81;375;168
150530405000013;Urbana;899;172;532;195
150530405000014;Urbana;808;179;504;125
150530405000015;Urbana;731;169;452;110
150530405000016;Urbana;1397;324;872;201
150530405000017;Urbana;896;212;560;124
150530405000018;Urbana;902;220;595;87
150530405000019;Urbana;1293;319;845;129
150530405000020;Urbana;809;183;535;91
150530405000021;Urbana;967;252;596;119
150530405000022;Urbana;966;274;615;77
150530405000023;Urbana;943;240;634;69
150530405000024;Urbana;695;207;435;53
150530405000025;Urbana;1008;296;654;58
150530405000026;Urbana;779;190;503;86
150530405000027;Urbana;1179;301;782;96
150530405000030;Urbana;1002;305;642;55
150530405000033;Rural;462;154;265;43
150530405000035;Rural;768;227;435;106
150530405000036;Rural;571;177;338;56
150530405000039;Urbana;283;69;204;10
150530405000040;Urbana;442;95;338;9
150530405000041;Urbana;660;147;496;17
150530405000042;Urbana;541;123;402;16
150530405000043;Urbana;531;145;372;14
150530405000045;Rural;0;0;0;0
150530405000047;Rural;33;8;23;2
150530405000048;Rural;400;133;242;25
150530405000050;Rural;0;0;0;0
150530405000057;Rural;528;96;312;120
150530405000058;Rural;381;134;210;37
150530405000060;Rural;423;162;233;28
150530405000061;Urbana;1009;288;638;83
150530405000062;Urbana;1007;274;628;105
150530405000063;Urbana;1023;318;652;53
150530405000065;Rural;608;181;378;49
150530405000066;Rural;428;130;251;47
150530405000068;Rural;82;35;43;4
150530405000069;Rural;100;37;58;5
150530405000070;Rural;915;283;572;60
150530405000071;Urbana;654;110;374;170
150530405000072;Urbana;417;106;264;47
150530405000074;Urbana;768;249;467;52
150530405000075;Urbana;335;79;220;36
150530405000077;Urbana;811;254;489;68
150530405000078;Rural;126;49;69;8
150530405000079;Rural;128;53;68;7
150530405000080;Rural;10;2;8;0
150530405000081;Rural;21;10;10;1
150530405000082;Rural;213;91;111;11
150530405000083;Rural;65;29;32;4
150530405000084;Rural;46;25;21;0
150530405000086;Rural;0;0;0;0
150530405000094;Rural;0;0;0;0
150530405000095;Rural;10;3;7;0
150530405000096;Rural;689;211;443;35
150530405000097;Rural;22;13;8;1
150530405000098;Rural;320;114;191;15
150530405000099;Rural;217;102;109;6
150530405000101;Rural;81;30;42;9
150530405000102;Rural;171;70;88;13
150530405000103;Rural;37;13;22;2
150530405000104;Rural;61;23;36;2
150530405000105;Rural;45;16;27;2
150530405000106;Rural;10;3;6;1
150530405000107;Rural;28;9;18;1
150530405000108;Rural;566;218;317;31
150530405000110;Rural;31;12;18;1
150530405000111;Rural;15;5;8;2
150530405000112;Rural;6;3;3;0
150530405000113;Rural;642;161;367;114
150530405000114;Rural;141;28;91;22
150530405000115;Rural;822;311;447;64
150530405000116;Rural;34;12;20;2
150530405000118;Rural;79;30;40;9
150530405000119;Rural;36;14;19;3
150530405000120;Rural;103;35;58;10
150530405000121;Rural;31;11;18;2
150530405000122;Rural;40;17;21;2
150530405000123;Rural;139;51;79;9
150530405000124;Rural;60;27;33;0
150530405000126;Rural;6;3;3;0
150530405000128;Rural;34;13;19;2
150530405000129;Rural;7;3;4;0
150530405000130;Rural;64;25;36;3
150530405000131;Rural;37;14;22;1
150530405000132;Rural;19;7;10;2
150530405000135;Rural;16;6;8;2
150530405000136;Urbana;775;224;489;62
150530405000137;Urbana;822;240;513;69
150530405000138;Urbana;1275;411;785;79
150530405000139;Urbana;913;274;578;61
150530405000140;Urbana;770;240;488;42
150530405000141;Urbana;1006;363;587;56
150530405000142;Rural;593;176;340;77
150530405000144;Urbana;404;128;244;32
150530405000146;Urbana;591;215;338;38
150530405000147;Urbana;1390;579;775;36
150530405000148;Urbana;1003;394;595;14
150530405000149;Urbana;1376;510;839;27
150530405000152;Rural;0;0;0;0
150530405000153;Rural;20;7;12;1
150530405000154;Rural;7;3;4;0
150530405000156;Rural;99;33;61;5
150530405000158;Rural;0;0;0;0
150530405000160;Urbana;752;253;461;38
150530405000161;Urbana;345;101;224;20
150530405000162;Rural;15;6;7;2
150530405000163;Rural;14;6;6;2
150530405000164;Rural;5;3;2;0
150530405000166;Rural;21;9;10;2
150530405000167;Rural;115;56;57;2
150530405000168;Rural;10;4;6;0
150530405000169;Rural;63;31;27;5
150530405000170;Rural;40;20;16;4
150530405000171;Rural;44;18;25;1
150530405000172;Rural;72;36;33;3
150530405000173;Rural;69;33;32;4
150530405000174;Rural;31;13;17;1
150530405000175;Rural;27;12;14;1
150530405000176;Rural;23;9;14;0
150530405000177;Rural;19;8;10;1
150530405000178;Rural;20;10;9;1
150530405000179;Rural;47;22;24;1
150530405000180;Rural;56;26;24;6
150530405000181;Rural;12;4;6;2
150530405000182;Rural;133;63;67;3
150530405000183;Rural;84;38;41;5
150530405000184;Rural;17;7;8;2
150530405000185;Rural;28;9;18;1
150530405000188;Rural;25;14;11;0
150530405000189;Rural;61;35;26;0
150530405000190;Rural;5;3;2;0
150530405000191;Rural;50;27;21;2
150530405000192;Rural;64;30;31;3
150530405000193;Rural;3;3;0;0
150530405000194;Rural;17;7;8;2
150530405000196;Rural;15;6;7;2
150530405000197;Rural;19;7;10;2
150530405000198;Rural;12;4;6;2
150530405000200;Rural;17;7;8;2
150530405000201;Rural;25;15;9;1
150530405000202;Rural;15;6;7;2
150530405000204;Rural;13;5;6;2
150530405000205;Rural;0;0;0;0
150530405000206;Rural;0;0;0;0
150530405000208;Rural;0;0;0;0
150530405000210;Rural;0;0;0;0
150530405000212;Rural;26;15;11;0
150530405000213;Rural;29;18;11;0
150530405000214;Rural;74;32;41;1
150530405000215;Rural;43;26;17;0
150530405000216;Rural;364;134;195;35
150530405000217;Rural;14;6;6;2
150530405000218;Rural;160;55;100;5
150530405000219;Rural;321;109;192;20
150530405000220;Rural;71;20;49;2
150530405000221;Rural;23;10;11;2
150530405000222;Rural;21;9;10;2
150530405000223;Rural;26;14;12;0
150530405000224;Rural;505;186;275;44
150530405000225;Rural;22;7;14;1
150530405000226;Rural;36;19;15;2
150530405000227;Rural;55;21;29;5
150530405000228;Rural;18;8;9;1
150530405000229;Rural;411;124;240;47
150530405000230;Rural;753;253;445;55
150530405000231;Rural;218;64;136;18
150530405000232;Urbana;1180;455;669;56
150530405000233;Urbana;1523;551;919;53
150530405000234;Rural;92;28;50;14
150530405000235;Rural;535;149;308;78
150530405000236;Rural;256;74;157;25
150530405000237;Rural;137;47;82;8
150530405000238;Rural;84;33;46;5
150530405000239;Rural;11;4;6;1
150530405000240;Rural;26;10;14;2
150530405000241;Rural;56;21;32;3
150530405000242;Rural;259;95;135;29
150530405000243;Rural;15;6;7;2
150530405000244;Rural;193;71;107;15
150530405000245;Rural;23;9;14;0
150530405000246;Rural;686;233;390;63
150530405000247;Rural;466;147;273;46
150530405000248;Rural;52;16;35;1
150530405000249;Rural;29;12;13;4
150530405000250;Rural;111;33;66;12
150530405000251;Rural;177;68;102;7
150530405000252;Rural;45;16;27;2
150530405000253;Rural;85;42;41;2
150530405000254;Rural;106;25;72;9
150530405000255;Rural;238;87;130;21
150530405000256;Rural;86;41;39;6
150530405000257;Rural;508;171;306;31
150530405000258;Rural;34;11;18;5
150530405000259;Rural;484;94;279;111
150530405000260;Sem moradores;0;0;0;0
