nome;Habitantes;0 a 14 anos;15 a 59 anos;60 anos ou mais
Bela Vista;2675;946;1597;132
Centro;2331;393;1400;538
Cidade Nova;2943;767;1869;307
Loteamento sem denominação 1;216;81;126;9
Loteamento sem denominação 2;378;118;240;20
Nossa Senhora das Graças;2909;687;1871;351
Nossa Senhora de Fátima;1759;362;1064;333
Nossa Senhora do Perpétuo Socorro;3200;723;2042;435
Nova Vitória;825;261;516;48
Novo Horizonte;1320;384;828;108
Ocupação sem denominação;323;105;194;24
Penta;2885;902;1803;180
Porto Trombetas;2457;579;1812;66
Residencial Tia Ana;3779;1484;2217;78
Santa Luzia;2134;489;1330;315
Santa Terezinha;2170;419;1377;374
Santíssimo Sacramento;1581;343;996;242
Sede: áreas fora dos bairros mapeados;1264;453;733;78
São José Operário;4361;1191;2822;348
São Lázaro;2929;956;1788;185
São Pedro;3162;821;2014;327
Área Pastoral;1757;501;1134;122
