Tipo;Nome;Localidade;Latitude;Longitude
Estabelecimento de saúde;Dra Carla Andrade Cirurgia Dentista;Fatima;-1.76404;-55.865952
Estabelecimento de ensino;Centro Educaciona Tia Ciclea;Fatima;-1.764342;-55.866366
Estabelecimento de ensino;Escola;Comunidade Do Sagrado;-1.661983;-56.312984
Estabelecimento de ensino;Escola Municipal Novo Esrael;Comunidade Ajudante;-1.524558;-56.25261
Estabelecimento de ensino;Escola Raimundo Muniz;Santa Luzia;-1.759851;-55.868115
Estabelecimento de ensino;Escola;Comunidade Bacabal;-1.494749;-56.201252
Estabelecimento de ensino;Escola Boa Nova;Comunidade Sao Bras;-1.831028;-56.263193
Estabelecimento de ensino;Escola Municipal De Ensino Fundamental Constantina Teodoro Dos Santos;Cachoeira Porteira;-1.080343;-57.046002
Estabelecimento de ensino;Unip Universidade Paulista;Santa Luzia;-1.76144;-55.8665
Estabelecimento de ensino;Universidade Federal Fluminense;Centro;-1.766218;-55.867776
Estabelecimento de saúde;Consultorio Odontologico;Fatima;-1.765321;-55.867269
Estabelecimento de saúde;Clinica Odonologica;Centro;-1.766402;-55.869151
Estabelecimento de ensino;Escola Municipal De Ensino Fundamental Santo Antonio Jamari;Comunidade Jamari;-1.466383;-56.609841
Estabelecimento de saúde;Unidade Basica De Saude Do Penta;Penta;-1.751312;-55.86594
Estabelecimento de ensino;Escola Fundamental Santissima Trindade;Comunidade Quilombola Cachoira Da Pancada;-1.069167;-56.044988
Estabelecimento de saúde;Posto De Saude;Perpetuo Socorro;-1.769521;-55.857768
Estabelecimento de ensino;Escola Munnicipal De Ensino Fundamental Novo Israel;Lago Do Ajudante;-1.447459;-56.375889
Estabelecimento de ensino;Escola Municipal De Educacao Infantil E Ensino Fundamentalna Comunidade Mussura;Igarape Do Pari;-1.461161;-56.303034
Estabelecimento de ensino;Escola Maarcedonia;Comundade Da Marcedonia;-1.799945;-56.180632
Estabelecimento de ensino;Santa Terezinha;Santa Terezinha;-1.637922;-55.99422
Estabelecimento de ensino;Escola Sao Francisco De Caninde;Comunidade Quilombola Jarauaca;-1.337095;-56.093187
Estabelecimento de ensino;Escola De Ens Fundamental;Centro;-1.769515;-55.864764
Estabelecimento de ensino;Escola Educacao Infantil Publica Classida Farias De Brito;Sao Jose Operario;-1.77912;-55.856078
Estabelecimento de ensino;Escola De Ensino Fundamental Nova Betel;Comunidade Nova Betel Km 12;-1.47804;-55.75544
Estabelecimento de saúde;Posto De Saude Nova Betel;Comunidade Nova Betel Km 12;-1.477891;-55.755497
Estabelecimento de ensino;School English On Time;Vila C3;-1.473606;-56.372445
Estabelecimento de ensino;Escola;Caipuru;-1.678458;-55.88808
Estabelecimento de ensino;Escola;Comunidade Santo Antonio;-1.642194;-55.712341
Estabelecimento de ensino;Escola Indigena Parirawunu;Aldeia Indigena Parirawunu;-0.849608;-57.286517
Estabelecimento de ensino;Escola Municipal Helvecio Guerreiro;Santa Terezinha;-1.770175;-55.860279
Estabelecimento de ensino;Escola De Ensino Fundamental Nossa Senhora Santa Ana;Comunidade Santana;-1.540409;-56.001392
Estabelecimento de saúde;Posto De Saude;Aldeia Tamyuru;-0.55565;-58.091749
Estabelecimento de ensino;Escola Idigena Tunayana;Aldeia Tunayana Placa;-0.843294;-57.664785
Estabelecimento de ensino;Escola Municipal De Ensino Fundamental Sao Francisco;Comunidade Quilombola Araca De Fora;-1.165106;-56.062769
Estabelecimento de ensino;Escola Indigena De Yawa;Aldeia Indigena Yawa;1.352718;-56.131229
Estabelecimento de saúde;Posto De Saude Indigena De Yawa;Aldeia Indigena Yawa;1.353244;-56.130867
Estabelecimento de ensino;Escola Impotpiri;Aldeia Indigena Impotpiri;-0.800731;-57.345313
Estabelecimento de ensino;Escola Municipal Infantil E Fundamental Lauro Picanco Viana;Comunidade Sao Sebastiao;-1.931214;-56.121993
Estabelecimento de ensino;Escola Indigena De Kuxare;Aldeia Indigena Kuxare;1.701268;-56.069213
Estabelecimento de saúde;Posto De Saude Aldeia Kuxare;Aldeia Indigena Kuxare;1.701405;-56.069175
Estabelecimento de ensino;Escola Da Aldeia Maharawani;Aldeia Indigena Maharawani;-0.870869;-57.202029
Estabelecimento de saúde;Posto De Saude;Aldeia Indigena Maharawani;-0.871389;-57.201793
Estabelecimento de ensino;Escola Florinda Guerreiro Mileo;Santissimo;-1.756671;-55.856293
Estabelecimento de ensino;Escola Iracema Givone;Santissimo;-1.756345;-55.858231
Estabelecimento de ensino;Escola Indigena Wayara;Aldeia Indigena Wayara;-0.656247;-57.391304
Estabelecimento de ensino;Escola Sao Sebastiao;Lago Do Salgado;-1.47916;-55.954966
Estabelecimento de ensino;Escola Estadual Ometyanumpo;Aldeia Indigena Ometyanumpo;2.140556;-55.914773
Estabelecimento de saúde;Posto De Saude Turuni;Aldeia Indigena Turuni;0.04063;-56.960891
Estabelecimento de ensino;Escola Indigena Turuni;Aldeia Indigena Turuni;0.040982;-56.961235
Estabelecimento de ensino;Escola Luiz Gonzaga Viana;Comunidade Amapa;-1.83068;-56.227169
Estabelecimento de ensino;Escola Luiz Gonzaga Viana;Ascencao;-1.785941;-55.995711
Estabelecimento de ensino;Escola De Ensino Fundamental Santa Maria Gorette;Comunidade Do Jacupa;-1.727523;-55.952933
Estabelecimento de ensino;Escola De Educacao Infantil Crianca Esperanca;Cidade Nova;-1.772383;-55.85085
Estabelecimento de saúde;Posto De Saude;Cidade Nova;-1.771848;-55.851352
Estabelecimento de ensino;Escola Deputado Gabriel Guerreiro;Penta;-1.745813;-55.865695
Estabelecimento de ensino;Colegio Particular Hagnos;Santissimo;-1.762647;-55.861661
Estabelecimento de ensino;Escola Fundamental Angelo Augusto;Comunidade Boa Nova;-1.817821;-56.279932
Estabelecimento de ensino;Escola;Sao Jose Operario;-1.78048;-55.846586
Estabelecimento de saúde;Clinica Odontologica Dra Silvia Dantas;Centro;-1.771637;-55.862828
Estabelecimento de saúde;Posto De Saude;Aldeia Assuncao;-0.436538;-58.085371
Estabelecimento de ensino;Escola De Ens Fundamental Aloyso Chaves;Perpetuo Socorro;-1.767304;-55.856182
Estabelecimento de ensino;Escola Municipal De Ensino Fundamental Professor Adelia Figueira;Santa Luzia;-1.759193;-55.86666
Estabelecimento de ensino;Unopa;Santa Terezinha;-1.768438;-55.859568
Estabelecimento de saúde;Clinica Odontologica;Santa Terezinha;-1.772234;-55.863452
Estabelecimento de ensino;Escola Municipal De Ensino Fundamental Santa Maria;Comunidade Quilombola Santa Maria;-1.348319;-56.468584
Estabelecimento de ensino;Igreja Catolica;Nova Esperanca;-1.589786;-56.023131
Estabelecimento de ensino;Colegio Sagrada Familia;Centro;-1.768051;-55.866156
Estabelecimento de saúde;Sempre Sorrindo;Centro;-1.767944;-55.869616
Estabelecimento de ensino;Escola Esperanca;Nova Esperanca;-1.589658;-56.023251
Estabelecimento de ensino;Escola Sao Tome;Comunidade Sao Tome;-1.90943;-56.34306
Estabelecimento de ensino;Escola Nossa Senhora Das Gracas;Comunidade Agua Fria;-1.509975;-56.016371
Estabelecimento de ensino;Escola Santa Maria;Comunidade Santa Maria;-1.68346;-55.962843
Estabelecimento de ensino;Escola Boa Vista;Rio Oiteiro;-1.831417;-55.800384
Estabelecimento de ensino;Eetepa;Sao Lazaro;-1.747471;-55.851368
Estabelecimento de saúde;Posto De Saude;Fari Cuoto Bateria;-0.017725;-58.100968
Estabelecimento de ensino;Escola Sao Tome;Comunidade Taruma Santa Maria;-1.380857;-56.041656
Estabelecimento de ensino;Escola Estadual Almir Gabriel;Santissimo;-1.762484;-55.8617
Estabelecimento de saúde;Igreja Catolica Santa Ana;Residencial Tia Ana;-1.758335;-55.849682
Estabelecimento de ensino;Escola Municipal De Ensino Fundamental Sao Francisco De Caninde;Comunidade Quilombola Jarauaca;-1.33631;-56.093116
Estabelecimento de saúde;Consultorio Odontologico;Centro;-1.767054;-55.868982
Estabelecimento de ensino;Escola De Musica;Santa Terezinha;-1.772072;-55.860337
Estabelecimento de ensino;Escola Municipal Matxuwaya;Aldeia Indigena Santidade;-0.864115;-57.211174
Estabelecimento de ensino;Escola Balao Magico;Vila Velha;-1.466323;-56.378152
Estabelecimento de ensino;Ufopa;Sao Lazaro;-1.74825;-55.85135
Estabelecimento de saúde;Posto De Saude Aldeia Santidade;Aldeia Indigena Santidade;-0.864678;-57.21142
Estabelecimento de ensino;Escola De Educacao Infantil Sao Lazaro;Comunidade Sao Lazaro;-1.553631;-55.972987
Estabelecimento de saúde;Posto De Saude Aldeia Maritepu;Aldeia Indigena Maritepu 2;1.087836;-56.194188
Estabelecimento de ensino;Escola Professor Assuncao;Centro;-1.768866;-55.863346
Estabelecimento de saúde;Clinica Dimed;Santa Luzia;-1.763123;-55.871991
Estabelecimento de ensino;Escola Wai Wai Aldeia Paraiso;Aldeia Indigena Paraiso;-0.914533;-57.635038
Estabelecimento de ensino;Escola Indigena Est Karapawa;Aldeia Indigena Notipe;2.24865;-55.958527
Estabelecimento de ensino;Escola Sao Joao Batista;Comunidade Sao Joao Batista;-1.660847;-55.850945
Estabelecimento de saúde;Posto Santa Cruz;Comunidade Quilombola Aracua De Baixo;-1.515863;-56.095554
Estabelecimento de saúde;Consultorio Dentario;Fatima;-1.765428;-55.868629
Estabelecimento de saúde;Semas;Fatima;-1.765377;-55.868579
Estabelecimento de saúde;Laboratorio;Fatima;-1.765515;-55.868099
Estabelecimento de ensino;Grupoeducasionalfaveni;Fatima;-1.764994;-55.868822
Estabelecimento de ensino;Escola Parumuti;Aldeia Indigena Parumiti;-1.111732;-57.274756
Estabelecimento de ensino;Escola N Senh Da Piedade;Comunidade Quilombola Aracua De Baixo;-1.517165;-56.095766
Estabelecimento de ensino;Escola Ajarazal;Boa Esperanca;-1.62171;-56.003337
Estabelecimento de ensino;Escola Municipal De Ensino Infantil E Fundamental Coracao De Jesus;Comunidade Ribeirinha Santo Antonio;-1.891795;-55.950942
Estabelecimento de ensino;Escola Indigena De Ensino Fundamentalawkono Hixkaryana;Aldeia Kwanamari;-1.073581;-57.345889
Estabelecimento de saúde;Posto De Saude;Aldeia Kwanamari;-1.073292;-57.346685
Estabelecimento de ensino;Escola Manoel Ramos De Oliveira;Comunidade Espirito Santo;-1.909834;-56.26394
Estabelecimento de ensino;Escola Municipal De Ensino Fundamental Sao Sebastiao;Tabocal Km 28;-1.340433;-55.788044
Estabelecimento de saúde;Posto De Saude Do Maria Pixi;Comunidade Espirito Santo;-1.909769;-56.263902
Estabelecimento de ensino;Escola Municipalde De Ensino Fundamental Nova Esperanca;Nova Esperanca;-1.342139;-56.577369
Estabelecimento de saúde;Hospital Maternidade Sao Domingos Savil;Centro;-1.766175;-55.868142
Estabelecimento de ensino;Escola Publia Ensino Fundamental;Cidade Nova;-1.772704;-55.849926
Estabelecimento de ensino;Escola Raimundo Vieira Dos Santos;Comunidade Sao Sebastiao;-1.423898;-56.856314
Estabelecimento de ensino;Escola Municipal De Ensino Fundamental Tancredo Neves;Comunidade Abui;-1.282386;-56.927592
Estabelecimento de ensino;E M E F Baldoino Melo;Comunidade Quilombola Sao Jose Serrinha;-1.503963;-56.029105
Estabelecimento de ensino;Escola Municipal De Encino Fundamental Lameira Bitencourt;Fatima;-1.765401;-55.870227
Estabelecimento de ensino;Nova Betel;Comunidade Do Copaiba;-1.404474;-55.860131
Estabelecimento de ensino;Escola Indigena Wai Wai;Wai Wai Sauba;-0.69613;-57.97131
Estabelecimento de ensino;Santa Luzia;Boa Vista;-1.74063;-55.940765
Estabelecimento de ensino;Emef Nossa Senhora Do Perpetuo Socorto;Comunidade Quilombola Do Moura;-1.432686;-56.428203
Estabelecimento de ensino;Escola Santa Luzia;Boa Vista;-1.748546;-55.947945
Estabelecimento de ensino;Escola Municioal De Ensino Fundamental Santa Ines;Comunidade Santa Ines;-1.50904;-56.268028
Estabelecimento de saúde;Posto De Saude;Santa Luzia;-1.758251;-55.867387
Estabelecimento de ensino;Salao De Beleza;Santissimo;-1.758151;-55.857718
Estabelecimento de ensino;Escola Sao Sebastiao Hildaviana;Comunidade Sao Francisco;-1.402824;-55.948842
Estabelecimento de ensino;Escola;Sao Jose;-1.870904;-55.89498
Estabelecimento de saúde;Posto De Saude Sespa;Santissimo;-1.759925;-55.861776
Estabelecimento de saúde;Posto De Saude;Sao Jose;-1.870873;-55.895172
Estabelecimento de ensino;Escola Santa Terezinha;Sao Tome Ajara;-1.772781;-56.085698
Estabelecimento de ensino;Escola Kaspakuru;Aldeia Indigena Kaspakuru;-0.608139;-56.808985
Estabelecimento de saúde;Posto De Saude Kaspakuru;Aldeia Indigena Kaspakuru;-0.608551;-56.807578
Estabelecimento de ensino;Escola Municipal De Ensino Fundamental Nova Alianca;Comunidade Nova Alianca;-1.130569;-56.270726
Estabelecimento de saúde;Posto De Saude De Urunai;Aldeia Indigena Urunai;1.517296;-56.084514
Estabelecimento de saúde;Upa 24 Horas;Santa Terezinha;-1.775444;-55.861676
Estabelecimento de ensino;Escola Municipal Professsora Maria Pompe;Nossa Senhora Das Gracas;-1.751154;-55.859505
Estabelecimento de saúde;Laboratorio De Analises Clinicas;Santa Terezinha;-1.776792;-55.861682
Estabelecimento de saúde;Laboratorio De Endemias;Santa Terezinha;-1.776586;-55.862661
Estabelecimento de ensino;Escola Laura Wanderlei Diniz;Centro;-1.772414;-55.863732
Estabelecimento de saúde;Hospital Municipal;Santa Terezinha;-1.77668;-55.861761
Estabelecimento de ensino;Escola Municipal De Educacao Infantil Santa Rosa;Nossa Senhora Das Gracas;-1.756506;-55.860927
Estabelecimento de ensino;Escola Municipal De Ensino Fundamental General Zacarias De Assuncao;Comunidade Santa Luzia;-1.767503;-55.835657
Estabelecimento de saúde;Posto De Saude Frei Gervazio Stuecker;Aldeia Indigena Missao Nova Tiryo;2.231039;-55.961161
Estabelecimento de ensino;Escola Indigena Cumaru;Aldeia Indigena Cumaru;-0.673685;-57.403663
Estabelecimento de ensino;Escola Municipal Benedito Fe Andrade;Escola Municipal Benedito De Andrade;-1.762603;-55.682925
Estabelecimento de saúde;Biolab Laboratorio E Clinica;Centro;-1.767955;-55.864639
Estabelecimento de ensino;Jardim De Infancia Tiriyo;Aldeia Indigena Missao Nova Tiryo;2.230608;-55.961043
Estabelecimento de saúde;Hospital De Porto Trombetas;Centro;-1.467373;-56.37646
Estabelecimento de ensino;Escola Indig Estadual Tawainen;Aldeia Indigena Missao Nova Tiryo;2.231016;-55.96184
Estabelecimento de ensino;Escola Santa Maria Goretti;Centro;-1.771584;-55.862959
Estabelecimento de saúde;Laboratorio Orixilab;Fatima;-1.766101;-55.868217
Estabelecimento de ensino;Escola Mun De Ens Fun Fe Em Deus;Ramal Do Babacu;-1.312636;-55.835886
Estabelecimento de saúde;Posto De Saude Nossa Senhora Das Gracas;Nossa Senhora Das Gracas;-1.754992;-55.862243
Estabelecimento de saúde;Unidade Basica De Saude Da Area Erepecuru;Comunidade Quilombola Jauari;-1.260664;-56.037596
Estabelecimento de ensino;Escola Municipal De Ensino Fundamental Jaoa Paulo I;Comunidade Quilombola Jauari;-1.260824;-56.037238
Estabelecimento de saúde;Posto De Saude;Perpetuo Socorro;-1.765547;-55.860118
Estabelecimento de ensino;Escola Indigena Yururu;Aldeia Indigena Yururu;-0.687332;-57.381922
Estabelecimento de ensino;Escola Luiz Gonzaga Desativada;Comunidade Curral Velho;-1.856336;-56.254798
Estabelecimento de saúde;Alojamento Dos Enfermeiros;Aldeia Wai Wai;-0.697669;-57.974758
Estabelecimento de ensino;Emei Boa Esperanca;Sao Pedro;-1.751508;-55.864951
Estabelecimento de saúde;Posto De Saude Antiga Casa Da Funai;Aldeia Wai Wai;-0.697628;-57.974718
Estabelecimento de ensino;Escola Infantil Menino Jesus;Centro;-1.765281;-55.86671
Estabelecimento de saúde;Posto De Saude Ayarama;Aldeia Indigena Ayarama;0.63886;-56.874167
Estabelecimento de ensino;Escola Indigena Ayarama;Aldeia Indigena Ayarama;0.639064;-56.875191
Estabelecimento de saúde;Clinica Medica Manoel Campos;Perpetuo Socorro;-1.770425;-55.857085
Estabelecimento de ensino;Escola Indigena De Maritepu;Aldeia Indigena Maritepu;1.089658;-56.19218
Estabelecimento de saúde;Policlinica Tapajos;Santa Terezinha;-1.773447;-55.860047
Estabelecimento de ensino;Escola Amelia Ferrari;Castanhal;-1.780351;-56.135299
Estabelecimento de ensino;Aprovados;Santa Terezinha;-1.773008;-55.857924
Estabelecimento de ensino;Colegio Aprovados;Santa Terezinha;-1.772803;-55.858101
Estabelecimento de saúde;Nucleo Odontologico;Centro;-1.462062;-56.378438
Estabelecimento de saúde;Farmacia Sanfarma;Centro;-1.462559;-56.378042
Estabelecimento de saúde;Ambulatorio Feirinha;Centro;-1.462062;-56.378438
Estabelecimento de ensino;Ioepa;Perpetuo Socorro;-1.769419;-55.85762
Estabelecimento de ensino;Escola Indigena Wai Wai Takara;Aldeia Takara;-1.035558;-57.446993
Estabelecimento de saúde;Posto De Saude Indigena Wai Wai Takara;Aldeia Takara;-1.035496;-57.44567
Estabelecimento de ensino;Escola Indig Esta Kinoromin;Aldeia Indigena Taratarafo;2.279416;-55.953064
Estabelecimento de ensino;Escola Mun Ens Fund Joao Paulo I;Nossa Senhora Das Gracas;-1.754153;-55.863338
Estabelecimento de ensino;Escola Sao Nicolal;Sao Nicolau;-1.537287;-56.032251
Estabelecimento de ensino;Escola Indigena Wai Wai Anexa Purho Miti;Aldeia Indigena Purho Miti;-0.582306;-56.797945
Estabelecimento de ensino;Escola Mun Educacao Inf Maria Perpetua A;Nossa Senhora Das Gracas;-1.750798;-55.860273
Estabelecimento de ensino;Escola;Sao Joao Batista;-1.662628;-55.848357
Estabelecimento de ensino;Escola;Comunidade Itapecuru;-1.824672;-55.749046
Estabelecimento de ensino;Escola Nossa Senhora De Nazare;Igarape Do Samauma;-1.544123;-56.163939
Estabelecimento de saúde;Clinica De Fisioterapia Conceicao Pontes;Santa Terezinha;-1.774165;-55.86074
Estabelecimento de ensino;Escola Estadual Padre Jose Nicolino De Souza;Centro;-1.764149;-55.86547
Estabelecimento de ensino;Escola Sto Antonio;Comunidade Santo Antonio;-1.630321;-55.949903
Estabelecimento de ensino;Equipe;Centro;-1.473174;-56.375262
Estabelecimento de ensino;Escola Sao Joao Batista;Comunidade Quilombola Aracua Do Meio;-1.509387;-56.136525
Estabelecimento de ensino;Escola Sao Paulo;Comunidade Rapa Pau;-1.426643;-56.033109
Estabelecimento de ensino;Escola Desativada;Comunidade Sao Luiz;-1.874308;-55.980411
Estabelecimento de ensino;Escola Estadual Orokofa Velha;Aldeia Indigena Sereia;2.298798;-55.948898
Estabelecimento de ensino;Escola Sao Francisco De Assis;Comunidade Do Poco Fundo;-1.233184;-56.197726
Estabelecimento de ensino;Escola Municipal De Educacao Infantil Afonsina Elinda Aragao De Souza;Sao Pedro;-1.753723;-55.867235
Estabelecimento de saúde;Posto De Saude Indigena;Aldeia Indigena Chapeu;-0.948345;-57.163831
Estabelecimento de ensino;Escola Indigena Chapeu;Aldeia Indigena Chapeu;-0.948122;-57.163555
Estabelecimento de ensino;Fael;Fatima;-1.764558;-55.869914
Estabelecimento de ensino;Escola Municipal Joana Bandeira;Santa Terezinha;-1.775513;-55.859979
Estabelecimento de ensino;Escola;Comunidade Varrevento;-1.318553;-56.0301
Estabelecimento de ensino;Escola;Comunidade Varrevento;-1.319003;-56.030066
Estabelecimento de ensino;Escola M E F Boa Vista;Comunidade Boa Vista Altos Do Morro;-1.457375;-56.40228
Estabelecimento de ensino;Escola;Aldeia Inaja;-1.002771;-57.518134
Estabelecimento de saúde;Posto De Saude;Aldeia Inaja;-1.003166;-57.517791
Estabelecimento de ensino;Centro Cultural E De Treinamento;Centro;-1.473204;-56.37382
Estabelecimento de saúde;Posto De Saude Pewne Miti;Aldeia Indigena Pewne Miti;-0.585605;-56.796873
Estabelecimento de ensino;Escola Novo Milenio;Batata Caipuru;-1.605549;-55.872061
Estabelecimento de ensino;Escola Novo Milenio 1;Batata Caipuru;-1.604591;-55.870663
Estabelecimento de ensino;Escola Municipal De Ensino Fundamental Professora Maria Queiroz De Souza;Santa Luzia;-1.757887;-55.866294
Estabelecimento de ensino;Escola Mun Ens Fundamental Novo Paraiso;Bom Jesus Do Novo Paraiso;-1.579225;-55.886016
Estabelecimento de ensino;Escola Municipal Prof Amelia Ferrari;Centro;-1.763366;-55.864571
