codigo;Nome;Tempo;pessoas
1505304;Oriximiná;Até cinco minutos;2147
1505106;Óbidos;Até cinco minutos;2350
1507979;Terra Santa;Até cinco minutos;711
1503002;Faro;Até cinco minutos;494
1500404;Alenquer;Até cinco minutos;1823
1502855;Curuá;Até cinco minutos;801
1504802;Monte Alegre;Até cinco minutos;2494
1506005;Prainha;Até cinco minutos;1094
1500503;Almeirim;Até cinco minutos;1773
1505304;Oriximiná;De seis minutos até quinze minutos;4595
1505106;Óbidos;De seis minutos até quinze minutos;2812
1507979;Terra Santa;De seis minutos até quinze minutos;1231
1503002;Faro;De seis minutos até quinze minutos;525
1500404;Alenquer;De seis minutos até quinze minutos;3463
1502855;Curuá;De seis minutos até quinze minutos;927
1504802;Monte Alegre;De seis minutos até quinze minutos;5068
1506005;Prainha;De seis minutos até quinze minutos;1352
1500503;Almeirim;De seis minutos até quinze minutos;2198
1505304;Oriximiná;Mais de quinze minutos até meia hora;4789
1505106;Óbidos;Mais de quinze minutos até meia hora;3415
1507979;Terra Santa;Mais de quinze minutos até meia hora;824
1503002;Faro;Mais de quinze minutos até meia hora;392
1500404;Alenquer;Mais de quinze minutos até meia hora;4703
1502855;Curuá;Mais de quinze minutos até meia hora;775
1504802;Monte Alegre;Mais de quinze minutos até meia hora;3477
1506005;Prainha;Mais de quinze minutos até meia hora;2035
1500503;Almeirim;Mais de quinze minutos até meia hora;1920
1505304;Oriximiná;Mais de meia hora até uma hora;1961
1505106;Óbidos;Mais de meia hora até uma hora;1491
1507979;Terra Santa;Mais de meia hora até uma hora;344
1503002;Faro;Mais de meia hora até uma hora;91
1500404;Alenquer;Mais de meia hora até uma hora;1453
1502855;Curuá;Mais de meia hora até uma hora;391
1504802;Monte Alegre;Mais de meia hora até uma hora;1623
1506005;Prainha;Mais de meia hora até uma hora;1327
1500503;Almeirim;Mais de meia hora até uma hora;1151
1505304;Oriximiná;Mais de uma hora até duas horas;1039
1505106;Óbidos;Mais de uma hora até duas horas;650
1507979;Terra Santa;Mais de uma hora até duas horas;755
1503002;Faro;Mais de uma hora até duas horas;148
1500404;Alenquer;Mais de uma hora até duas horas;632
1502855;Curuá;Mais de uma hora até duas horas;142
1504802;Monte Alegre;Mais de uma hora até duas horas;913
1506005;Prainha;Mais de uma hora até duas horas;958
1500503;Almeirim;Mais de uma hora até duas horas;635
1505304;Oriximiná;Mais de duas horas até quatro horas;796
1505106;Óbidos;Mais de duas horas até quatro horas;343
1507979;Terra Santa;Mais de duas horas até quatro horas;307
1503002;Faro;Mais de duas horas até quatro horas;109
1500404;Alenquer;Mais de duas horas até quatro horas;169
1502855;Curuá;Mais de duas horas até quatro horas;91
1504802;Monte Alegre;Mais de duas horas até quatro horas;395
1506005;Prainha;Mais de duas horas até quatro horas;354
1500503;Almeirim;Mais de duas horas até quatro horas;200
1505304;Oriximiná;Mais de quatro horas;427
1505106;Óbidos;Mais de quatro horas;306
1507979;Terra Santa;Mais de quatro horas;22
1503002;Faro;Mais de quatro horas;24
1500404;Alenquer;Mais de quatro horas;147
1502855;Curuá;Mais de quatro horas;9
1504802;Monte Alegre;Mais de quatro horas;168
1506005;Prainha;Mais de quatro horas;43
1500503;Almeirim;Mais de quatro horas;95
