codigo;Nome;Ano;Empregados;1.População empregada não idosa;2.População empregada de meia-idade;3.População empregada idosa
1500404;Alenquer;2017;2971;2134;801;36
1500503;Almeirim;2017;4004;2449;1405;150
1502855;Curuá;2017;870;694;173;3
1503002;Faro;2017;571;351;215;5
1504802;Monte Alegre;2017;3056;2236;794;26
1505106;Óbidos;2017;3751;2792;933;26
1505304;Oriximiná;2017;7191;5275;1876;40
1506005;Prainha;2017;1850;1370;460;20
1507979;Terra Santa;2017;1356;948;396;12
1500404;Alenquer;2018;2814;2009;775;30
1500503;Almeirim;2018;3916;2364;1405;147
1502855;Curuá;2018;853;671;178;4
1503002;Faro;2018;570;338;226;6
1504802;Monte Alegre;2018;3195;2267;884;44
1505106;Óbidos;2018;2972;2076;860;36
1505304;Oriximiná;2018;6293;4447;1799;47
1506005;Prainha;2018;1483;998;465;20
1507979;Terra Santa;2018;1103;769;325;9
1500404;Alenquer;2019;2844;1977;833;34
1500503;Almeirim;2019;3406;1972;1306;128
1502855;Curuá;2019;936;715;215;6
1503002;Faro;2019;475;276;195;4
1504802;Monte Alegre;2019;3235;2280;922;33
1505106;Óbidos;2019;2894;1979;877;38
1505304;Oriximiná;2019;6220;4315;1858;47
1506005;Prainha;2019;1386;903;466;17
1507979;Terra Santa;2019;1443;998;432;13
1500404;Alenquer;2020;2406;1574;800;32
1500503;Almeirim;2020;3589;2083;1366;140
1502855;Curuá;2020;789;585;202;2
1503002;Faro;2020;533;267;259;7
1504802;Monte Alegre;2020;3049;2061;951;37
1505106;Óbidos;2020;2976;1987;947;42
1505304;Oriximiná;2020;6193;4195;1944;54
1506005;Prainha;2020;1210;734;459;17
1507979;Terra Santa;2020;1305;894;395;16
1500404;Alenquer;2021;2637;1683;926;28
1500503;Almeirim;2021;4188;2500;1584;104
1502855;Curuá;2021;1016;745;267;4
1503002;Faro;2021;594;297;289;8
1504802;Monte Alegre;2021;3231;2157;1031;43
1505106;Óbidos;2021;3764;2558;1161;45
1505304;Oriximiná;2021;4751;3576;1141;34
1506005;Prainha;2021;1689;1109;559;21
1507979;Terra Santa;2021;1319;911;396;12
1500404;Alenquer;2022;3041;1931;1072;38
1500503;Almeirim;2022;3955;2191;1618;146
1502855;Curuá;2022;1111;800;304;7
1503002;Faro;2022;618;289;322;7
1504802;Monte Alegre;2022;3875;2617;1214;44
1505106;Óbidos;2022;5489;3935;1503;51
1505304;Oriximiná;2022;9182;6352;2743;87
1506005;Prainha;2022;1632;1015;592;25
1507979;Terra Santa;2022;1616;1086;513;17
