codigo;Nome;Ano;0 a 14 anos;15 a 64 anos;65 anos ou mais
1500404;Alenquer;2013;20774;33243;3235
1500404;Alenquer;2014;21010;34616;3335
1500404;Alenquer;2015;21248;35979;3438
1500404;Alenquer;2016;21449;37333;3552
1500404;Alenquer;2017;21575;38680;3679
1500404;Alenquer;2018;21659;40015;3822
1500404;Alenquer;2019;21700;41384;3973
1500404;Alenquer;2020;21695;42786;4115
1500404;Alenquer;2021;21688;44192;4233
1500404;Alenquer;2022;21698;45554;4378
1500404;Alenquer;2023;21709;46915;4547
1500404;Alenquer;2024;21819;48282;4735
1500404;Alenquer;2025;21805;49206;4871
1500503;Almeirim;2013;11955;21650;1412
1500503;Almeirim;2014;11827;21956;1462
1500503;Almeirim;2015;11713;22230;1522
1500503;Almeirim;2016;11586;22474;1585
1500503;Almeirim;2017;11458;22682;1647
1500503;Almeirim;2018;11360;22848;1719
1500503;Almeirim;2019;11277;23016;1788
1500503;Almeirim;2020;11182;23179;1846
1500503;Almeirim;2021;11072;23328;1907
1500503;Almeirim;2022;10920;23440;1983
1500503;Almeirim;2023;10726;23546;2071
1500503;Almeirim;2024;10516;23656;2162
1500503;Almeirim;2025;10366;23805;2271
1502855;Curuá;2013;4931;7473;600
1502855;Curuá;2014;4903;7714;624
1502855;Curuá;2015;4875;7947;646
1502855;Curuá;2016;4825;8180;674
1502855;Curuá;2017;4748;8403;699
1502855;Curuá;2018;4653;8621;731
1502855;Curuá;2019;4543;8845;767
1502855;Curuá;2020;4416;9069;803
1502855;Curuá;2021;4299;9290;832
1502855;Curuá;2022;4196;9485;866
1502855;Curuá;2023;4117;9657;906
1502855;Curuá;2024;4051;9833;950
1502855;Curuá;2025;4004;9967;983
1503002;Faro;2013;3161;4947;452
1503002;Faro;2014;3128;5075;467
1503002;Faro;2015;3088;5186;475
1503002;Faro;2016;3038;5295;491
1503002;Faro;2017;2973;5398;508
1503002;Faro;2018;2894;5505;525
1503002;Faro;2019;2803;5613;543
1503002;Faro;2020;2705;5722;558
1503002;Faro;2021;2616;5829;571
1503002;Faro;2022;2540;5908;590
1503002;Faro;2023;2480;5982;608
1503002;Faro;2024;2427;6065;633
1503002;Faro;2025;2391;6120;656
1504802;Monte Alegre;2013;18299;36031;3783
1504802;Monte Alegre;2014;18034;36856;3897
1504802;Monte Alegre;2015;17777;37641;4026
1504802;Monte Alegre;2016;17508;38382;4158
1504802;Monte Alegre;2017;17221;39067;4306
1504802;Monte Alegre;2018;16967;39690;4472
1504802;Monte Alegre;2019;16720;40295;4638
1504802;Monte Alegre;2020;16466;40889;4784
1504802;Monte Alegre;2021;16215;41449;4914
1504802;Monte Alegre;2022;15958;41935;5064
1504802;Monte Alegre;2023;15687;42367;5248
1504802;Monte Alegre;2024;15424;42765;5452
1504802;Monte Alegre;2025;15225;43131;5646
1505106;Óbidos;2013;17714;30791;3225
1505106;Óbidos;2014;17550;31387;3321
1505106;Óbidos;2015;17384;31956;3422
1505106;Óbidos;2016;17178;32482;3529
1505106;Óbidos;2017;16929;32990;3637
1505106;Óbidos;2018;16661;33471;3749
1505106;Óbidos;2019;16378;33968;3866
1505106;Óbidos;2020;16067;34456;3965
1505106;Óbidos;2021;15755;34933;4049
1505106;Óbidos;2022;15427;35365;4143
1505106;Óbidos;2023;15086;35768;4252
1505106;Óbidos;2024;14751;36139;4381
1505106;Óbidos;2025;14504;36522;4501
1505304;Oriximiná;2013;23369;39320;3284
1505304;Oriximiná;2014;23144;40205;3405
1505304;Oriximiná;2015;22933;41049;3533
1505304;Oriximiná;2016;22685;41847;3667
1505304;Oriximiná;2017;22405;42603;3809
1505304;Oriximiná;2018;22158;43311;3959
1505304;Oriximiná;2019;21930;44023;4114
1505304;Oriximiná;2020;21678;44739;4252
1505304;Oriximiná;2021;21420;45421;4378
1505304;Oriximiná;2022;21136;46038;4518
1505304;Oriximiná;2023;20815;46605;4677
1505304;Oriximiná;2024;20471;47132;4857
1505304;Oriximiná;2025;20231;47632;5026
1506005;Prainha;2013;11852;18447;1251
1506005;Prainha;2014;11808;19142;1308
1506005;Prainha;2015;11772;19834;1373
1506005;Prainha;2016;11713;20513;1432
1506005;Prainha;2017;11630;21149;1503
1506005;Prainha;2018;11546;21760;1580
1506005;Prainha;2019;11445;22364;1665
1506005;Prainha;2020;11324;22971;1743
1506005;Prainha;2021;11208;23571;1817
1506005;Prainha;2022;11108;24146;1897
1506005;Prainha;2023;11033;24690;1994
1506005;Prainha;2024;11004;25219;2095
1506005;Prainha;2025;10955;25584;2194
1507979;Terra Santa;2013;5716;10961;1006
1507979;Terra Santa;2014;5657;11226;1032
1507979;Terra Santa;2015;5601;11477;1057
1507979;Terra Santa;2016;5540;11706;1087
1507979;Terra Santa;2017;5487;11918;1118
1507979;Terra Santa;2018;5447;12105;1152
1507979;Terra Santa;2019;5417;12281;1192
1507979;Terra Santa;2020;5384;12462;1225
1507979;Terra Santa;2021;5346;12634;1248
1507979;Terra Santa;2022;5297;12796;1281
1507979;Terra Santa;2023;5245;12944;1319
1507979;Terra Santa;2024;5201;13099;1367
1507979;Terra Santa;2025;5146;13240;1406
