codigo;Nome;Meio;pessoas
1500404;Alenquer;A pé;3427
1500404;Alenquer;Automóvel ou táxi;771
1500404;Alenquer;Barco ou lancha;727
1500404;Alenquer;Bicicleta;931
1500404;Alenquer;Motocicleta ou mototáxi;5596
1500404;Alenquer;Outros;158
1500404;Alenquer;Ônibus, van ou pau de arara;264
1500503;Almeirim;A pé;2486
1500503;Almeirim;Automóvel ou táxi;873
1500503;Almeirim;Barco ou lancha;1079
1500503;Almeirim;Bicicleta;180
1500503;Almeirim;Motocicleta ou mototáxi;2641
1500503;Almeirim;Outros;164
1500503;Almeirim;Ônibus, van ou pau de arara;538
1502855;Curuá;A pé;871
1502855;Curuá;Automóvel ou táxi;88
1502855;Curuá;Barco ou lancha;975
1502855;Curuá;Bicicleta;134
1502855;Curuá;Motocicleta ou mototáxi;987
1502855;Curuá;Outros;60
1502855;Curuá;Ônibus, van ou pau de arara;14
1503002;Faro;A pé;779
1503002;Faro;Automóvel ou táxi;38
1503002;Faro;Barco ou lancha;265
1503002;Faro;Bicicleta;33
1503002;Faro;Motocicleta ou mototáxi;566
1503002;Faro;Outros;54
1503002;Faro;Ônibus, van ou pau de arara;53
1504802;Monte Alegre;A pé;2942
1504802;Monte Alegre;Automóvel ou táxi;1463
1504802;Monte Alegre;Barco ou lancha;1146
1504802;Monte Alegre;Bicicleta;433
1504802;Monte Alegre;Motocicleta ou mototáxi;7586
1504802;Monte Alegre;Outros;172
1504802;Monte Alegre;Ônibus, van ou pau de arara;298
1505106;Óbidos;A pé;4217
1505106;Óbidos;Automóvel ou táxi;973
1505106;Óbidos;Barco ou lancha;1903
1505106;Óbidos;Bicicleta;446
1505106;Óbidos;Motocicleta ou mototáxi;3263
1505106;Óbidos;Outros;73
1505106;Óbidos;Ônibus, van ou pau de arara;392
1505304;Oriximiná;A pé;3560
1505304;Oriximiná;Automóvel ou táxi;1763
1505304;Oriximiná;Barco ou lancha;2325
1505304;Oriximiná;Bicicleta;2072
1505304;Oriximiná;Motocicleta ou mototáxi;4585
1505304;Oriximiná;Outros;652
1505304;Oriximiná;Ônibus, van ou pau de arara;721
1506005;Prainha;A pé;2193
1506005;Prainha;Automóvel ou táxi;220
1506005;Prainha;Barco ou lancha;1062
1506005;Prainha;Bicicleta;180
1506005;Prainha;Motocicleta ou mototáxi;2951
1506005;Prainha;Outros;414
1506005;Prainha;Ônibus, van ou pau de arara;57
1507979;Terra Santa;A pé;797
1507979;Terra Santa;Automóvel ou táxi;338
1507979;Terra Santa;Barco ou lancha;244
1507979;Terra Santa;Bicicleta;362
1507979;Terra Santa;Motocicleta ou mototáxi;1569
1507979;Terra Santa;Outros;152
1507979;Terra Santa;Ônibus, van ou pau de arara;731
