codigo;Nome;0 a 14 anos;15 a 59 anos;60 anos ou mais;15 a 64 anos;65 anos ou mais;Habitantes
1500404;Alenquer;20992;41957;6428;43928;4457;69377
1500503;Almeirim;10346;20923;3011;21984;1950;34280
1502855;Curuá;4033;8784;1300;9197;887;14117
1503002;Faro;2417;5447;864;5709;602;8728
1504802;Monte Alegre;15148;37585;7279;39815;5049;60012
1505106;Óbidos;14623;31796;5810;33477;4129;52229
1505304;Oriximiná;20097;41700;6497;43687;4510;68294
1506005;Prainha;10616;22075;2886;23055;1906;35577
1507979;Terra Santa;5147;11766;1869;12331;1304;18782
