codigo;Nome;Motocicletas;Automóveis;Caminhonetes e utilitários;Caminhões;Ônibus e micro-ônibus;Outros;Total;Mês
1500404;Alenquer;10271;1362;1134;269;139;28;13203;Julho de 2026
1500503;Almeirim;2411;1124;484;445;134;40;4638;Julho de 2026
1502855;Curuá;922;40;92;24;10;0;1088;Julho de 2026
1503002;Faro;144;15;18;7;4;0;188;Julho de 2026
1504802;Monte Alegre;14879;2056;2154;553;332;63;20037;Julho de 2026
1505106;Óbidos;7245;1276;1323;312;150;24;10330;Julho de 2026
1505304;Oriximiná;9056;2041;1345;453;82;30;13007;Julho de 2026
1506005;Prainha;2021;108;233;69;16;0;2447;Julho de 2026
1507979;Terra Santa;864;89;111;76;5;1;1146;Julho de 2026
