Bairro;Moradores;Idosos (60 anos ou mais)
São José Operário;4361;348
Residencial Tia Ana;3779;78
Nossa Senhora do Perpétuo Socorro;3200;435
São Pedro;3162;327
Cidade Nova;2943;307
São Lázaro;2929;185
Nossa Senhora das Graças;2909;351
Penta;2885;180
Bela Vista;2675;132
Porto Trombetas;2457;66
Centro;2331;538
Santa Terezinha;2170;374
Santa Luzia;2134;315
Nossa Senhora de Fátima;1759;333
Área Pastoral;1757;122
Santíssimo Sacramento;1581;242
Novo Horizonte;1320;108
Sede: áreas fora dos bairros mapeados;1264;78
Nova Vitória;825;48
Loteamento sem denominação 2;378;20
Ocupação sem denominação;323;24
Loteamento sem denominação 1;216;9
